id;note_type;note_memo;note_time;publish_user
1;teal analyzing yellow;Books Generic;2019-09-11T16:06:20;Handcrafted Plastic Shirt quantifying
2;wireless;hybrid;2019-09-12T05:39:42;Rupiah Personal Loan Account HTTP
3;schemas Specialist China;quantify multi-byte;2019-09-11T08:43:32;infrastructures incentivize quantify
4;JSON Texas;bandwidth;2019-09-11T14:28:37;compress Fantastic Global
5;Buckinghamshire monetize;Direct;2019-09-11T23:09:24;Industrial
6;bypassing granular Usability;Applications Missouri deposit;2019-09-11T21:44:06;methodical
7;Pakistan;parse;2019-09-11T13:29:59;back-end Unbranded Cambridgeshire
8;Designer;mindshare;2019-09-11T11:11:34;cross-media Frozen
9;Syrian Pound;Auto Loan Account Refined Practical;2019-09-11T15:40:28;Fantastic Fresh Salad
10;Steel Avon Visionary;exploit transition;2019-09-11T12:59:26;Interactions
