id;attachment_type;attachment_use;file_name;origin_name;file_path;file_size;upload_time;file_user
1;parse Customer Rhode Island;Accounts navigating Ergonomic;purple User-friendly;Savings Account;SMTP;75699;2019-09-11T17:39:46;global
2;Baby;Kyrgyz Republic transmit;solution connecting;California PNG engage;Burg;42053;2019-09-11T14:22:28;Credit Card Account transmitter cyan
3;Checking Account;seamless New York mesh;Unbranded array;Berkshire solid state;middleware Switzerland;69764;2019-09-11T09:42:34;Granite Configuration Buckinghamshire
4;Practical Steel Chips;Berkshire concept;Illinois robust;Granite Rubber;enable;69766;2019-09-11T17:07:00;Chicken
5;e-business RSS;Rand Soap;Automated;Pants even-keeled Chair;Brazil;53442;2019-09-11T21:26:20;cyan innovative
6;open architecture alliance;online;Bulgarian Lev Cambridgeshire;Regional;Home;86830;2019-09-11T13:08:56;quantify
7;Manager;cultivate Bedfordshire;navigate Kiribati;bypass Games Customer-focused;Bond Markets Units European Composite Unit (EURCO) connecting generate;3047;2019-09-12T05:55:32;Inlet Hungary Configurable
8;interface;Toys;overriding;internet solution;Total;34292;2019-09-11T18:15:05;Indian Rupee bluetooth
9;Club Nebraska;Nevada quantify architectures;empower;customized payment;Grass-roots Cambridgeshire;33034;2019-09-11T17:57:33;Adaptive Intelligent Pants
10;Avon;blue scalable Car;bypassing Sleek Steel Shirt Rand Namibia Dollar;Fresh incubate Agent;Jewelery Engineer Bedfordshire;72289;2019-09-11T16:27:01;Assurance Nebraska Mississippi
