id;submit_memo;submit_time;read_time;grade;student;teacher
1;Personal Loan Account Sleek Beauty;2019-09-11T17:25:42;2019-09-11T13:20:19;19427;Handcrafted Cotton Bacon Unbranded Fresh Pants;incubate
2;interfaces;2019-09-11T16:22:09;2019-09-12T07:38:06;32815;Towels Specialist;Utah Computers Small Fresh Gloves
3;Brunei Darussalam interface;2019-09-11T12:37:44;2019-09-11T14:01:04;27154;Orchestrator;Refined Intelligent Granite Shirt
4;Philippine Peso Metal;2019-09-12T05:18:42;2019-09-11T09:04:38;96953;card Licensed Cotton Ball;mindshare Gorgeous
5;Chips;2019-09-12T06:33:24;2019-09-11T12:26:03;42831;Som Rustic Frozen Keyboard ROI;Benin
6;Tuna Response invoice;2019-09-11T20:05:49;2019-09-11T14:47:18;65711;e-markets system;Organic
7;Cheese Steel;2019-09-12T00:17:33;2019-09-12T05:42:43;9179;Small;JBOD
8;Shoes Music connect;2019-09-11T13:07:55;2019-09-11T21:08:04;34630;Light;integrate Personal Loan Account
9;HTTP explicit;2019-09-12T08:07:49;2019-09-11T17:28:37;93343;Cambridgeshire Norfolk Island;Soap Tasty Metal Sausages Outdoors
10;invoice multi-byte;2019-09-11T16:14:44;2019-09-11T23:10:54;57336;Granite haptic;Web revolutionize Branding
